INSERT INTO Categoria (nome_categoria, descricao_categoria) VALUES
('Eletrônicos', 'Produtos eletrônicos como celulares, TVs e notebooks'),
('Eletrodomésticos', 'Itens para uso doméstico como geladeiras e fogões'),
('Roupas', 'Vestuário masculino, feminino e infantil'),
('Calçados', 'Calçados de todos os tipos e tamanhos'),
('Alimentos', 'Produtos alimentícios e bebidas'),
('Livros', 'Livros de diversos gêneros e temas'),
('Brinquedos', 'Brinquedos e jogos para crianças'),
('Ferramentas', 'Ferramentas manuais e elétricas'),
('Esportes', 'Artigos esportivos e fitness'),
('Móveis', 'Móveis para casa e escritório'),
('Perfumaria', 'Perfumes e fragrâncias para homens e mulheres'),
('Papelaria', 'Itens de papelaria e materiais escolares'),
('Automotivo', 'Produtos e acessórios para veículos'),
('Informática', 'Acessórios e periféricos de informática'),
('Saúde', 'Produtos para cuidados com a saúde'),
('Beleza', 'Cosméticos e produtos para cuidados pessoais'),
('Jardinagem', 'Ferramentas e insumos para jardins'),
('Pets', 'Produtos para animais de estimação'),
('Construção', 'Materiais e ferramentas para construção civil'),
('Games', 'Consoles, jogos e acessórios para gamers');

INSERT INTO Fornecedor (cnpj, nome_fornecedor, email, telefone) VALUES
('12345678000190', 'Indústria Alimentos S.A.', 'contato@industriaalimentos.com', 1112345678),
('23456789000101', 'Construtora Rio Ltda.', 'vendas@construtorario.com', 2123456789),
('34567890000112', 'Tech Solutions Ltda.', 'suporte@techsolutions.com', 3134567890),
('45678901000123', 'Móveis Elegância', 'comercial@moveliselegancia.com', 4145678901),
('56789012000134', 'Distribuidora São Paulo', 'contato@distribuidorasampa.com', 5156789012),
('67890123000145', 'Ferragens e Ferramentas Brasil', 'vendas@ferragensbrasil.com', 6167890123),
('78901234000156', 'Auto Peças Nova Era', 'autopecas@novaera.com', 7178901234),
('89012345000167', 'Caldas & Cia', 'caldas@empresa.com', 8189012345),
('90123456000178', 'Tecno Eletro', 'suporte@tecnoeletro.com', 9190123456),
('01234567000189', 'Laticínios Pioneira', 'pioneira@laticiniospioneira.com', 1110234567),
('12345678000101', 'Móveis São Jorge', 'moveis@moveissaorajorge.com', 2121345678),
('23456789000112', 'Supermercados Casa Grande', 'atendimento@casagrande.com', 3132456789),
('34567890000123', 'Transporte Júnior', 'transporte@junior.com', 4143567890),
('45678901000134', 'Produtos do Campo', 'vendas@produtosdocampo.com', 5154678901),
('56789012000145', 'Distribuidora Cosmos', 'cosmos@distribuidora.com', 6165789012);

INSERT INTO Produto (SKU, nome_produto, descricao_produto, valor_produto_venda, valor_produto_compra, quantidade_estoque, peso, id_categoria, cnpj_fornecedor) VALUES
(1001, 'Smartphone Galaxy S21', 'Smartphone de última geração com câmera de alta resolução', 4500.00, 3800.00, 50, 0.25, 1, '12345678000190'),
(1002, 'Notebook Dell Inspiron', 'Notebook com processador Intel i7 e 16GB de RAM', 5500.00, 4500.00, 30, 2.50, 1, '12345678000190'),
(1003, 'TV Samsung 55 Polegadas', 'Smart TV 4K UHD com suporte a HDR', 3200.00, 2700.00, 20, 15.00, 1, '12345678000190'),
(2001, 'Geladeira Frost Free', 'Geladeira 400L com freezer separado', 3200.00, 2500.00, 10, 60.00, 2, '23456789000101'),
(2002, 'Fogão 5 Bocas', 'Fogão com forno elétrico e acendimento automático', 1500.00, 1200.00, 15, 40.00, 2, '23456789000101'),
(3001, 'Camiseta Polo', 'Camiseta polo masculina tamanho G', 80.00, 50.00, 100, 0.20, 3, '34567890000112'),
(3002, 'Calça Jeans Feminina', 'Calça jeans feminina tamanho 38', 120.00, 80.00, 80, 0.50, 3, '34567890000112'),
(4001, 'Tênis Running', 'Tênis esportivo com amortecimento especial', 250.00, 180.00, 60, 1.20, 4, '45678901000123'),
(4002, 'Sapato Social Masculino', 'Sapato social em couro legítimo', 300.00, 200.00, 40, 1.00, 4, '45678901000123'),
(5001, 'Arroz 5kg', 'Pacote de arroz branco tipo 1', 25.00, 20.00, 200, 5.00, 5, '56789012000134'),
(5002, 'Feijão 1kg', 'Pacote de feijão preto tipo 1', 8.00, 6.50, 300, 1.00, 5, '56789012000134'),
(6001, 'Livro de Romance', 'Livro de romance best-seller', 40.00, 30.00, 50, 0.80, 6, '67890123000145'),
(6002, 'Livro de Ficção Científica', 'Livro de ficção científica premiado', 60.00, 45.00, 30, 1.00, 6, '67890123000145'),
(7001, 'Boneca Barbie', 'Boneca Barbie Fashionista', 120.00, 90.00, 40, 0.75, 7, '78901234000156'),
(7002, 'Lego Star Wars', 'Kit de Lego Star Wars com 1000 peças', 450.00, 380.00, 25, 2.00, 7, '78901234000156'),
(8001, 'Furadeira Bosch', 'Furadeira elétrica Bosch 500W', 300.00, 250.00, 30, 2.50, 8, '89012345000167'),
(8002, 'Chave de Fenda', 'Chave de fenda reforçada', 20.00, 15.00, 100, 0.30, 8, '89012345000167'),
(9001, 'Bola de Futebol', 'Bola oficial para campeonatos', 150.00, 120.00, 70, 0.50, 9, '90123456000178'),
(9002, 'Bicicleta Mountain Bike', 'Bicicleta para trilhas e esportes radicais', 2500.00, 2000.00, 15, 18.00, 9, '90123456000178'),
(10001, 'Sofá 3 Lugares', 'Sofá confortável para sala de estar', 1200.00, 1000.00, 10, 50.00, 10, '01234567000189'),
(10002, 'Cadeira de Escritório', 'Cadeira ergonômica com ajuste de altura', 700.00, 600.00, 20, 15.00, 10, '01234567000189'),
(11001, 'Perfume Chanel Nº5', 'Perfume clássico feminino', 750.00, 600.00, 20, 0.50, 11, '12345678000101'),
(11002, 'Colônia Masculina Paco Rabanne', 'Fragrância intensa e marcante', 450.00, 350.00, 30, 0.40, 11, '12345678000101'),
(12001, 'Caderno Universitário', 'Caderno com 200 folhas e capa dura', 20.00, 15.00, 100, 0.60, 12, '23456789000112'),
(12002, 'Caneta Esferográfica Azul', 'Pacote com 10 canetas esferográficas', 15.00, 10.00, 200, 0.30, 12, '23456789000112'),
(13001, 'Pneu Aro 16', 'Pneu para carros de passeio', 500.00, 400.00, 50, 10.00, 13, '34567890000123'),
(13002, 'Kit de Ferramentas Automotivas', 'Conjunto com 50 peças para reparos', 300.00, 250.00, 30, 8.00, 13, '34567890000123'),
(14001, 'Mouse Gamer Logitech', 'Mouse com 6 botões e iluminação RGB', 250.00, 200.00, 50, 0.50, 14, '45678901000134'),
(14002, 'Teclado Mecânico Razer', 'Teclado mecânico com switches táteis', 600.00, 500.00, 40, 1.50, 14, '45678901000134'),
(15001, 'Oxímetro de Dedo', 'Dispositivo para medir o nível de oxigênio no sangue', 120.00, 90.00, 100, 0.30, 15, '56789012000145'),
(15002, 'Termômetro Digital', 'Termômetro de alta precisão', 80.00, 60.00, 150, 0.20, 15, '56789012000145');

INSERT INTO Pessoa (cpf, nome, data_nascimento, email, telefone) VALUES
('12345678901', 'João Silva', '1985-01-15', 'joao.silva@gmail.com', 11987654321),
('23456789012', 'Maria Oliveira', '1990-06-22', 'maria.oliveira@yahoo.com', 21976543210),
('34567890123', 'Pedro Santos', '1987-04-10', 'pedro.santos@hotmail.com', 31965432109),
('45678901234', 'Ana Costa', '1995-08-05', 'ana.costa@outlook.com', 41954321098),
('56789012345', 'Lucas Almeida', '1992-03-18', 'lucas.almeida@gmail.com', 51943210987),
('67890123456', 'Beatriz Ferreira', '1989-07-27', 'beatriz.ferreira@gmail.com', 61932109876),
('78901234567', 'Fernando Rocha', '1991-12-30', 'fernando.rocha@yahoo.com', 71921098765),
('89012345678', 'Juliana Lima', '1983-11-19', 'juliana.lima@hotmail.com', 81910987654),
('90123456789', 'Carlos Gomes', '1993-09-02', 'carlos.gomes@outlook.com', 91909876543),
('01234567890', 'Patrícia Sousa', '1996-05-23', 'patricia.sousa@gmail.com', 11123456789),
('11234567891', 'Roberto Martins', '1984-02-14', 'roberto.martins@yahoo.com', 21987654320),
('22345678902', 'Camila Nunes', '1997-10-08', 'camila.nunes@gmail.com', 31976543219),
('33456789013', 'Rodrigo Carvalho', '1986-06-03', 'rodrigo.carvalho@outlook.com', 41965432108),
('44567890124', 'Carolina Batista', '1994-04-22', 'carolina.batista@hotmail.com', 51954321097),
('55678901235', 'Eduardo Souza', '1991-07-13', 'eduardo.souza@gmail.com', 61943210986),
('66789012346', 'Marcela Ribeiro', '1990-12-01', 'marcela.ribeiro@yahoo.com', 71932109875),
('77890123457', 'André Menezes', '1988-08-18', 'andre.menezes@gmail.com', 81921098764),
('88901234568', 'Thaís Borges', '1992-05-11', 'thais.borges@hotmail.com', 91910987653),
('99012345679', 'Rafael Barros', '1987-03-29', 'rafael.barros@gmail.com', 11909876542),
('10123456780', 'Vanessa Vieira', '1993-11-25', 'vanessa.vieira@yahoo.com', 21987654319),
('11134567891', 'Gustavo Ramos', '1995-06-09', 'gustavo.ramos@hotmail.com', 31976543218),
('12245678902', 'Letícia Pires', '1989-10-16', 'leticia.pires@outlook.com', 41965432107),
('13356789013', 'Bruno Miranda', '1996-01-21', 'bruno.miranda@gmail.com', 51954321096),
('14467890124', 'Larissa Teixeira', '1990-04-27', 'larissa.teixeira@yahoo.com', 61943210985),
('15578901235', 'Diego Lopes', '1988-09-15', 'diego.lopes@gmail.com', 71932109874),
('16689012346', 'Fernanda Santana', '1994-12-20', 'fernanda.santana@hotmail.com', 81921098763),
('17790123457', 'Ricardo Cruz', '1992-07-04', 'ricardo.cruz@outlook.com', 91910987652),
('18801234568', 'Juliane Silva', '1987-02-12', 'juliane.silva@gmail.com', 11123456788),
('19912345679', 'Thiago Oliveira', '1993-10-07', 'thiago.oliveira@yahoo.com', 21987654318),
('20023456780', 'Gabriela Araújo', '1986-05-14', 'gabriela.araujo@hotmail.com', 31976543217),
('21134567891', 'Adriana Rocha', '1990-08-19', 'adriana.rocha@gmail.com', 41965432106),
('22245678902', 'Luiz Figueiredo', '1984-09-01', 'luiz.figueiredo@yahoo.com', 51954321095),
('23356789013', 'Viviane Dias', '1991-03-03', 'viviane.dias@gmail.com', 61943210984),
('24467890124', 'Paulo Fonseca', '1988-06-24', 'paulo.fonseca@outlook.com', 71932109873),
('25578901235', 'Cíntia Souza', '1995-07-30', 'cintia.souza@hotmail.com', 81921098762),
('26689012346', 'Vinícius Silva', '1992-11-10', 'vinicius.silva@gmail.com', 91910987651),
('27790123457', 'Daniele Almeida', '1989-01-17', 'daniele.almeida@yahoo.com', 11123456787),
('28801234568', 'Hugo Campos', '1994-09-22', 'hugo.campos@hotmail.com', 21987654317),
('29912345679', 'Sandra Fernandes', '1987-08-11', 'sandra.fernandes@gmail.com', 31976543216),
('30023456780', 'Murilo Nascimento', '1990-12-28', 'murilo.nascimento@yahoo.com', 41965432105),
('31134567891', 'Monique Soares', '1993-02-26', 'monique.soares@hotmail.com', 51954321094),
('32245678902', 'Henrique Santos', '1985-03-30', 'henrique.santos@gmail.com', 61943210983),
('33356789013', 'Flávia Cardoso', '1996-06-05', 'flavia.cardoso@yahoo.com', 71932109872),
('34467890124', 'Alexandre Lima', '1992-04-01', 'alexandre.lima@gmail.com', 81921098761),
('35578901235', 'Helena Matos', '1988-10-23', 'helena.matos@hotmail.com', 91910987650),
('36689012346', 'Cláudio Ribeiro', '1991-05-18', 'claudio.ribeiro@gmail.com', 11123456786),
('37790123457', 'Bianca Martins', '1994-11-04', 'bianca.martins@yahoo.com', 21987654316),
('38801234568', 'Joana Oliveira', '1990-07-08', 'joana.oliveira@hotmail.com', 31976543215),
('39912345679', 'Mário Costa', '1986-10-12', 'mario.costa@gmail.com', 41965432104),
('40023456780', 'Renata Alves', '1993-01-09', 'renata.alves@yahoo.com', 51954321093);

INSERT INTO Funcionario (cargo, salario, data_contratacao, carga_horaria, cpf, registro_funcionario) VALUES
('Gerente', 8500.00, '2020-01-15', 40, '12345678901', 1),
('Analista de Sistemas', 7500.00, '2021-03-10', 40, '23456789012', 2),
('Desenvolvedor', 6800.00, '2022-05-18', 40, '34567890123', 3),
('Analista de Suporte', 4500.00, '2019-06-22', 40, '45678901234', 4),
('Técnico de TI', 4000.00, '2020-09-01', 40, '56789012345', 5),
('Engenheiro de Software', 9500.00, '2023-01-02', 40, '67890123456', 6),
('Coordenador de Projetos', 8000.00, '2021-12-15', 40, '78901234567', 7),
('Gerente de TI', 9000.00, '2018-11-20', 40, '89012345678', 8),
('Auxiliar Administrativo', 3000.00, '2020-07-12', 30, '90123456789', 9),
('Desenvolvedor Frontend', 6500.00, '2022-08-10', 40, '01234567890', 10),
('Desenvolvedor Backend', 7000.00, '2019-03-05', 40, '11234567891', 11),
('Gerente de Projetos', 8800.00, '2023-06-21', 40, '22345678902', 12),
('Analista de Qualidade', 6000.00, '2021-05-08', 40, '33456789013', 13),
('Especialista em Redes', 7200.00, '2022-10-19', 40, '44567890124', 14),
('Suporte Técnico', 3500.00, '2018-04-01', 40, '55678901235', 15),
('Analista de Dados', 7000.00, '2020-09-17', 40, '66789012346', 16),
('Consultor de TI', 8500.00, '2023-02-27', 40, '77890123457', 17),
('Programador Mobile', 6900.00, '2022-03-22', 40, '88901234568', 18),
('Administrador de Banco de Dados', 8000.00, '2021-12-30', 40, '99012345679', 19),
('Analista de Segurança', 9200.00, '2023-01-25', 40, '10123456780', 20);

INSERT INTO Cliente (data_registro, cpf) VALUES
('2022-01-15', '20123456781'),
('2022-02-10', '31123456782'),
('2022-03-05', '42123456783'),
('2022-04-22', '53123456784'),
('2022-05-18', '64123456785'),
('2022-06-30', '75123456786'),
('2022-07-15', '86123456787'),
('2022-08-12', '97123456788'),
('2022-09-01', '08123456789'),
('2022-10-25', '19123456780'),
('2023-01-10', '29123456781'),
('2023-02-14', '39123456782'),
('2023-03-22', '49123456783'),
('2023-04-11', '59123456784'),
('2023-05-05', '69123456785'),
('2023-06-20', '79123456786'),
('2023-07-25', '89123456787'),
('2023-08-30', '99123456788'),
('2023-09-15', '19123456789'),
('2023-10-01', '29123456790'),
('2023-11-12', '39123456791'),
('2023-12-08', '49123456792'),
('2024-01-05', '59123456793'),
('2024-02-20', '69123456794'),
('2024-03-11', '79123456795'),
('2024-04-01', '89123456796'),
('2024-05-15', '99123456797'),
('2024-06-30', '09123456798'),
('2024-07-12', '19123456799'),
('2024-08-05', '29123456800');

-- Endereços dos Fornecedores
INSERT INTO Endereco (estado, cep, cidade, logradouro, bairro, numero_endereco, fornecedor_cnpj, pessoa_cpf) VALUES
('SP', 12345000, 'São Paulo', 'Rua dos Fornecedores', 'Centro', 100, '12345678000195', NULL),
('RJ', 23456000, 'Rio de Janeiro', 'Avenida Comercial', 'Copacabana', 200, '23456789000106', NULL),
('MG', 34567000, 'Belo Horizonte', 'Praça dos Negócios', 'Savassi', 300, '34567891000107', NULL),
('RS', 45678000, 'Porto Alegre', 'Rua das Indústrias', 'Moinhos', 400, '45678902000108', NULL),
('BA', 56789000, 'Salvador', 'Avenida Central', 'Pituba', 500, '56789013000109', NULL),
('PR', 67890000, 'Curitiba', 'Rua do Comércio', 'Água Verde', 600, '67890124000110', NULL),
('PE', 78900000, 'Recife', 'Rua Empresarial', 'Boa Viagem', 700, '78901235000111', NULL),
('CE', 89000000, 'Fortaleza', 'Avenida Mercantil', 'Aldeota', 800, '89012346000112', NULL),
('SC', 90000000, 'Florianópolis', 'Rua do Trabalho', 'Centro', 900, '90123457000113', NULL),
('ES', 91234000, 'Vitória', 'Rua de Serviços', 'Jardim Camburi', 1000, '91234568000114', NULL),
('SP', 12345004, 'São Paulo', 'Avenida Fornecedor 2', 'Vila Mariana', 150, '12345678000195', NULL),
('RJ', 23456004, 'Rio de Janeiro', 'Rua Comercial 2', 'Barra da Tijuca', 250, '23456789000106', NULL),
('MG', 34567004, 'Belo Horizonte', 'Rua Alternativa', 'Lourdes', 350, '34567891000107', NULL),
('RS', 45678004, 'Porto Alegre', 'Praça das Indústrias', 'Cidade Baixa', 450, '45678902000108', NULL),
('BA', 56789004, 'Salvador', 'Rua do Comércio 2', 'Itapuã', 550, '56789013000109', NULL);

-- Endereços das Pessoas
INSERT INTO Endereco (estado, cep, cidade, logradouro, bairro, numero_endereco, fornecedor_cnpj, pessoa_cpf) VALUES
('SP', 12345001, 'São Paulo', 'Rua dos Moradores', 'Centro', 101, NULL, '20123456781'),
('RJ', 23456001, 'Rio de Janeiro', 'Rua Residencial', 'Copacabana', 202, NULL, '31123456782'),
('MG', 34567001, 'Belo Horizonte', 'Rua das Flores', 'Savassi', 303, NULL, '42123456783'),
('RS', 45678001, 'Porto Alegre', 'Rua da Harmonia', 'Moinhos', 404, NULL, '53123456784'),
('BA', 56789001, 'Salvador', 'Rua Alegre', 'Pituba', 505, NULL, '64123456785'),
('PR', 67890001, 'Curitiba', 'Rua da Paz', 'Água Verde', 606, NULL, '75123456786'),
('PE', 78900001, 'Recife', 'Rua Tropical', 'Boa Viagem', 707, NULL, '86123456787'),
('CE', 89000001, 'Fortaleza', 'Rua da Amizade', 'Aldeota', 808, NULL, '97123456788'),
('SC', 90000001, 'Florianópolis', 'Rua Bela Vista', 'Centro', 909, NULL, '08123456789'),
('ES', 91234001, 'Vitória', 'Rua das Palmeiras', 'Jardim Camburi', 1011, NULL, '19123456780'),
('SP', 12345002, 'São Paulo', 'Rua das Árvores', 'Centro', 102, NULL, '29123456781'),
('RJ', 23456002, 'Rio de Janeiro', 'Rua do Sol', 'Copacabana', 203, NULL, '39123456782'),
('MG', 34567002, 'Belo Horizonte', 'Rua do Horizonte', 'Savassi', 304, NULL, '49123456783'),
('RS', 45678002, 'Porto Alegre', 'Rua do Lago', 'Moinhos', 405, NULL, '59123456784'),
('BA', 56789002, 'Salvador', 'Rua do Farol', 'Pituba', 506, NULL, '69123456785'),
('PR', 67890002, 'Curitiba', 'Rua das Pedras', 'Água Verde', 607, NULL, '79123456786'),
('PE', 78900002, 'Recife', 'Rua das Rosas', 'Boa Viagem', 708, NULL, '89123456787'),
('CE', 89000002, 'Fortaleza', 'Rua das Gaivotas', 'Aldeota', 809, NULL, '99123456788'),
('SC', 90000002, 'Florianópolis', 'Rua do Mar', 'Centro', 910, NULL, '19123456789'),
('ES', 91234002, 'Vitória', 'Rua da Lua', 'Jardim Camburi', 1012, NULL, '29123456790'),
('SP', 12345003, 'São Paulo', 'Rua do Céu', 'Centro', 103, NULL, '39123456791'),
('RJ', 23456003, 'Rio de Janeiro', 'Rua da Vitória', 'Copacabana', 204, NULL, '49123456792'),
('MG', 34567003, 'Belo Horizonte', 'Rua do Amor', 'Savassi', 305, NULL, '59123456793'),
('RS', 45678003, 'Porto Alegre', 'Rua do Campo', 'Moinhos', 406, NULL, '69123456794'),
('BA', 56789003, 'Salvador', 'Rua do Jardim', 'Pituba', 507, NULL, '79123456795'),
('PR', 67890003, 'Curitiba', 'Rua das Palmeiras', 'Água Verde', 608, NULL, '89123456796'),
('PE', 78900003, 'Recife', 'Rua do Coração', 'Boa Viagem', 709, NULL, '99123456797'),
('CE', 89000003, 'Fortaleza', 'Rua das Andorinhas', 'Aldeota', 810, NULL, '09123456798'),
('SC', 90000003, 'Florianópolis', 'Rua do Horizonte', 'Centro', 911, NULL, '19123456799'),
('ES', 91234003, 'Vitória', 'Rua do Porto', 'Jardim Camburi', 1013, NULL, '29123456800'),
('SP', 12345005, 'São Paulo', 'Rua do Parque', 'Morumbi', 102, NULL, '20123456781'),
('RJ', 23456005, 'Rio de Janeiro', 'Avenida Marítima', 'Ipanema', 205, NULL, '31123456782'),
('MG', 34567005, 'Belo Horizonte', 'Rua da Liberdade', 'Lourdes', 306, NULL, '42123456783'),
('RS', 45678005, 'Porto Alegre', 'Rua Verde', 'Mont Serrat', 407, NULL, '53123456784'),
('BA', 56789005, 'Salvador', 'Rua da Praia', 'Stella Maris', 508, NULL, '64123456785'),
('PR', 67890004, 'Curitiba', 'Rua do Jardim 2', 'Juvevê', 609, NULL, '75123456786'),
('PE', 78900004, 'Recife', 'Rua das Ondas', 'Casa Forte', 710, NULL, '86123456787'),
('CE', 89000004, 'Fortaleza', 'Rua do Céu Azul', 'Meireles', 811, NULL, '97123456788'),
('SC', 90000004, 'Florianópolis', 'Rua do Pôr do Sol', 'Lagoa da Conceição', 912, NULL, '08123456789'),
('ES', 91234004, 'Vitória', 'Rua das Orquídeas', 'Jardim da Penha', 1014, NULL, '19123456780');

INSERT INTO Venda (data, valor_venda, cpf_cliente) VALUES
('2025-01-10', 350.00, '20123456781'),
('2025-01-11', 1200.00, '31123456782'),
('2025-01-12', 850.00, '42123456783'),
('2025-01-13', 450.00, '53123456784'),
('2025-01-14', 500.00, '64123456785'),
('2025-01-15', 950.00, '75123456786'),
('2025-01-16', 700.00, '86123456787'),
('2025-01-17', 300.00, '97123456788'),
('2025-01-18', 420.00, '08123456789'),
('2025-01-19', 800.00, '19123456780'),
('2025-01-20', 220.00, '29123456781'),
('2025-01-21', 1050.00, '39123456782'),
('2025-01-22', 1800.00, '49123456783'),
('2025-01-23', 1100.00, '59123456784'),
('2025-01-24', 750.00, '69123456785'),
('2025-01-25', 950.00, '20123456781'),
('2025-01-26', 2000.00, '31123456782'),
('2025-01-27', 1400.00, '42123456783'),
('2025-01-28', 1300.00, '53123456784'),
('2025-01-29', 1500.00, '64123456785'),
('2025-01-30', 550.00, '75123456786'),
('2025-02-01', 1200.00, '86123456787'),
('2025-02-02', 400.00, '97123456788'),
('2025-02-03', 300.00, '08123456789'),
('2025-02-04', 950.00, '19123456780'),
('2025-02-05', 1100.00, '29123456781'),
('2025-02-06', 500.00, '39123456782'),
('2025-02-07', 1300.00, '49123456783'),
('2025-02-08', 800.00, '59123456784'),
('2025-02-09', 1200.00, '69123456785'),
('2025-02-10', 900.00, '20123456781'),
('2025-02-11', 250.00, '31123456782'),
('2025-02-12', 320.00, '42123456783'),
('2025-02-13', 180.00, '53123456784'),
('2025-02-14', 1100.00, '64123456785'),
('2025-02-15', 750.00, '75123456786'),
('2025-02-16', 1200.00, '86123456787'),
('2025-02-17', 500.00, '97123456788'),
('2025-02-18', 220.00, '08123456789'),
('2025-02-19', 600.00, '19123456780'),
('2025-02-20', 950.00, '29123456781'),
('2025-02-21', 1100.00, '39123456782'),
('2025-02-22', 450.00, '49123456783'),
('2025-02-23', 700.00, '59123456784'),
('2025-02-24', 1300.00, '69123456785'),
('2025-02-25', 800.00, '20123456781'),
('2025-02-26', 1500.00, '31123456782'),
('2025-02-27', 2000.00, '42123456783'),
('2025-02-28', 950.00, '53123456784'),
('2025-03-01', 1200.00, '64123456785'),
('2025-03-02', 220.00, '75123456786'),
('2025-03-03', 650.00, '86123456787'),
('2025-03-04', 750.00, '97123456788'),
('2025-03-05', 250.00, '08123456789'),
('2025-03-06', 1800.00, '19123456780'),
('2025-03-07', 1000.00, '29123456781'),
('2025-03-08', 900.00, '39123456782'),
('2025-03-09', 700.00, '49123456783'),
('2025-03-10', 850.00, '59123456784'),
('2025-03-11', 1200.00, '69123456785'),
('2025-03-12', 1500.00, '20123456781'),
('2025-03-13', 500.00, '31123456782'),
('2025-03-14', 320.00, '42123456783'),
('2025-03-15', 1100.00, '53123456784'),
('2025-03-16', 750.00, '64123456785'),
('2025-03-17', 800.00, '75123456786'),
('2025-03-18', 600.00, '86123456787'),
('2025-03-19', 500.00, '97123456788'),
('2025-03-20', 2000.00, '08123456789'),
('2025-03-21', 900.00, '19123456780'),
('2025-03-22', 1300.00, '29123456781'),
('2025-03-23', 1400.00, '39123456782'),
('2025-03-24', 700.00, '49123456783'),
('2025-03-25', 800.00, '59123456784'),
('2025-03-26', 500.00, '69123456785'),
('2025-03-27', 400.00, '20123456781'),
('2025-03-28', 350.00, '31123456782'),
('2025-03-29', 1200.00, '42123456783'),
('2025-03-30', 2000.00, '53123456784'),
('2025-03-31', 950.00, '64123456785');

INSERT INTO Compra (data_compra, valor_compra, cnpj_fornecedor) VALUES